Data\Backup\allmatches_2015_07_09T07_58_35.csv,1.119416751, Sport: ,Tennis, Time: ,Thu Jul 09 14:00:00 CEST 2015, Time: ,Thu Jul 09 14:00:00 C
Data\Backup\allmatches_2015_07_12T09_01_03.csv,1.119465228, Sport: ,Soccer, Time: ,Sun
Data\Backup\allmatches_2015_07_12T09_45_51.csv,1.119465578, Sport: ,Soccer, Time: ,Sun Jul 12 14:00:00 CEST 20
Data\Backup\allmatches_2015_07_21T07_43_41.csv,1.119584766, Sport: ,Tennis, Time: ,Tu
Data\Backup\allmatches_2015_07_27T17_53_26.csv,1.119609841, Sport: ,Soccer, Time: ,Mon Jul 27 18:00:00 CEST 2015, Time: ,Mon Jul 27 18:00:00 CEST 2015, Event: ,Fakel v Shinnik, Favorite: ,S
Data\Backup\allmatches_2015_07_29T17_08_44.csv,1.119734998, Sport:
Data\Backup\allmatches_2015_08_11T18_50_08.csv,1.119846112, Sport: ,Soccer
Data\Backup\allmatches_2015_08_11T18_52_14.csv,1.119846112, Sport: ,Soccer
Data\Backup\allmatches_2015_08_11T19_03_39.csv,1.119953417, Sport: ,Tennis, Time: ,Tue Aug 11 21
Data\Backup\allmatches_2015_08_25T17_21_45.csv,1.120233506, Sport: ,Tenn
Data\Backup\allmatches_2015_08_26T21_06_08.csv,1.120233451, Sport
Data\Backup\allmatches_2015_08_26T21_07_58.csv,1.120233451, Sport
Data\Backup\allmatches_2015_08_26T21_11_28.csv,1.120251789, Sport:
Data\Backup\allmatches_2015_08_27T18_49_11.csv,1.120268100, Sport: ,Tennis, Time: ,Thu Aug 27 21:00:00 CEST 2015, Time: ,Thu Aug 27 21:00:00 CEST 2015, Event: ,Butorac/Lipsky v Fyrstenberg/Qureshi, Favorite: ,Fyrstenberg/Qureshi, 
Data\Backup\allmatches_2015_08_31T06_44_24.csv,1.120180486, Sport: ,Soccer, Time: ,Mon Aug 31 16:00:00 CEST 2015, Time: ,Mon Aug 31 16:00:00 CEST 2015, Event: ,Weston-super-Mare v Bath City, Favorite: ,Bath Cit
Data\Backup\allmatches_2015_09_01T20_54_39.csv,1.120333849, Spor
Data\Backup\allmatches_2015_09_02T14_02_49.csv,1.120351202, S
Data\Backup\allmatches_2015_09_03T11_50_14.csv,1.120380669, Sport: ,Soccer, Time: ,Thu Sep 03 16:00:00 CEST 2015
Data\Backup\allmatches_2015_09_04T08_54_01.csv,1.120398822, Sport: ,Soccer, Time: ,Fri Sep 04 15:45:00 CEST 2015, Time: ,Fri Sep 04 15:45:00 CEST 2015, Event: ,Al Nasr (UAE) v Al Wasl, Favori
Data\Backup\allmatches_2015_09_12T06_16_45.csv,1.120586318, Sport: ,Soccer, Time: ,Sat Sep 12 15:00:00 CEST 2015, Time: ,Sat Sep 12 15:00:00 CEST 2015, Event: ,Nice Futis Pori (W) v Vasa IFK (
Data\Backup\allmatches_2015_09_14T21_19_13.csv,1.120628098, Sport: ,Tennis, Time: ,Tue Sep 15 07:30:00 CEST 2015, Tim
Data\Backup\allmatches_2015_09_20T20_24_45.csv,1.120802703, Sport: 
Data\Backup\allmatches_2015_09_21T19_17_28.csv,1.120807576, Sport: ,Tennis, Time: ,Tue Sep 22 07:00:00 
Data\Backup\allmatches_2015_09_23T20_33_24.csv,1.120845130, Sport: ,Tennis, Time: ,Th
Data\Backup\allmatches_2015_09_24T20_28_11.csv,1.120860193, Sport: ,Tennis, Time: ,Fri Sep 25 05:00:00 CEST
Data\Backup\allmatches_2015_09_27T18_40_04.csv,1.120954914, Sport: ,Te
Data\Backup\allmatches_2015_07_09T07_58_35.csv,1.119416751, Sport: ,Tennis, Time: ,Thu Jul 09 14:00:00 CEST 2015, Time: ,Thu Jul 09 14:00:00 C
Data\Backup\allmatches_2015_07_12T09_01_03.csv,1.119465228, Sport: ,Soccer, Time: ,Sun
Data\Backup\allmatches_2015_07_12T09_45_51.csv,1.119465578, Sport: ,Soccer, Time: ,Sun Jul 12 14:00:00 CEST 20
Data\Backup\allmatches_2015_07_21T07_43_41.csv,1.119584766, Sport: ,Tennis, Time: ,Tu
Data\Backup\allmatches_2015_07_27T17_53_26.csv,1.119609841, Sport: ,Soccer, Time: ,Mon Jul 27 18:00:00 CEST 2015, Time: ,Mon Jul 27 18:00:00 CEST 2015, Event: ,Fakel v Shinnik, Favorite: ,S
Data\Backup\allmatches_2015_07_29T17_08_44.csv,1.119734998, Sport:
Data\Backup\allmatches_2015_08_11T18_50_08.csv,1.119846112, Sport: ,Soccer
Data\Backup\allmatches_2015_08_11T18_52_14.csv,1.119846112, Sport: ,Soccer
Data\Backup\allmatches_2015_08_11T19_03_39.csv,1.119953417, Sport: ,Tennis, Time: ,Tue Aug 11 21
Data\Backup\allmatches_2015_08_25T17_21_45.csv,1.120233506, Sport: ,Tenn
Data\Backup\allmatches_2015_08_26T21_06_08.csv,1.120233451, Sport
Data\Backup\allmatches_2015_08_26T21_07_58.csv,1.120233451, Sport
Data\Backup\allmatches_2015_08_26T21_11_28.csv,1.120251789, Sport:
Data\Backup\allmatches_2015_08_27T18_49_11.csv,1.120268100, Sport: ,Tennis, Time: ,Thu Aug 27 21:00:00 CEST 2015, Time: ,Thu Aug 27 21:00:00 CEST 2015, Event: ,Butorac/Lipsky v Fyrstenberg/Qureshi, Favorite: ,Fyrstenberg/Qureshi, 
Data\Backup\allmatches_2015_09_28T15_56_21.csv,1.120963615, Sport: ,Tennis, Time: ,Tue Sep 29 00:0
Data\Backup\allmatches_2015_09_28T15_56_53.csv,1.120833738, Sport: ,Soccer, Time: ,Tue Sep 29 01:00:00 CEST 2015, Time: ,
Data\Backup\allmatches_2015_09_28T16_03_19.csv,1.120833738, Sport: ,Soccer, Time: ,Tue Sep 29 01:00:00 CEST 2015, Time:
Data\Backup\allmatches_2015_09_28T21_44_21.csv,1.120972049, Sport: ,Tennis, Time: ,Tue Sep 2
Data\Backup\allmatches_4_11.csv,1.119063317, Sport: ,Tennis, Time: ,Thu Jun 04 18:00:00 CEST 2015, Time: ,Thu Jun 04 18:00:00 CEST 2015, Event: ,Hradecka/Matkowski v Mattek-Sands/Bryan, Favorite: Mattek-Sands/Bryan   size:109.04 Price: 1.52 Hradecka/Matkowski   size:3.05 Price: 2.62 
Data\Backup\allmatches_4_11.csv,1.119040518, Sport: ,Basketball, Time: ,Thu Jun 04 20:00:00 CEST 2015, Time: ,Thu Jun 04 20:00:00 CEST 2015, Event: ,Hapoel M Jerusalem v Maccabi R Lez, Favorite: Hapoel M Jerusalem   size:290.32 Price: 1.23 Maccabi R Lez   size:64.64 Price: 4.3 
Data\Backup\allmatches_4_11.csv,1.118988188, Sport: ,Handball, Time: ,Thu Jun 04 20:45:00 CEST 2015, Time: ,Thu Jun 04 20:45:00 CEST 2015, Event: ,Chambery v Toulouse, Favorite: Chambery   size:6.11 Price: 1.31 Toulouse   size:4.41 Price: 4.5 Draw   size:8.75 Price: 9.8 
Data\Backup\allmatches_4_11.csv,1.119063278, Sport: ,Tennis, Time: ,Thu Jun 04 17:15:00 CEST 2015, Time: ,Thu Jun 04 17:15:00 CEST 2015, Event: ,J Ward v D Novikov, Favorite: James Ward   size:281.26 Price: 1.39 Dennis Novikov   size:4.42 Price: 3.3 
Data\Backup\allmatches_4_11.csv,1.119061857, Sport: ,Tennis, Time: ,Thu Jun 04 16:00:00 CEST 2015, Time: ,Thu Jun 04 16:00:00 CEST 2015, Event: ,Hercog v Zanevska, Favorite: Polona Hercog   size:7.6 Price: 1.58 Maryna Zanevska   size:19.98 Price: 2.5 
Data\Backup\allmatches_4_11.csv,1.118988587, Sport: ,Handball, Time: ,Thu Jun 04 20:45:00 CEST 2015, Time: ,Thu Jun 04 20:45:00 CEST 2015, Event: ,Selestat v Creteil, Favorite: Creteil   size:3.8 Price: 2.1 Selestat   size:3.7 Price: 2.16 Draw   size:15.7 Price: 8.0 
Data\Backup\allmatches_4_11.csv,1.119062900, Sport: ,Tennis, Time: ,Thu Jun 04 12:30:00 CEST 2015, Time: ,Thu Jun 04 12:30:00 CEST 2015, Event: ,Sasnovich v Paquet, Favorite: Aliaksandra Sasnovich   size:225.5 Price: 1.28 Chloe Paquet   size:9.17 Price: 4.3 
Data\Backup\allmatches_4_11.csv,1.119048954, Sport: ,Baseball, Time: ,Thu Jun 04 22:05:00 CEST 2015, Time: ,Thu Jun 04 22:05:00 CEST 2015, Event: ,MIN @ BOS, Favorite: Boston (S Wright)   size:5.46 Price: 1.71 Minnesota (T Milone)   size:102.99 Price: 2.36 
Data\Backup\allmatches_4_11.csv,1.119060887, Sport: ,Tennis, Time: ,Thu Jun 04 18:30:00 CEST 2015, Time: ,Thu Jun 04 18:30:00 CEST 2015, Event: ,S Vickery v Niculescu, Favorite: Monica Niculescu   size:4.99 Price: 1.43 Sachia Vickery   size:12.07 Price: 3.25 
Data\Backup\allmatches_4_11.csv,1.119051449, Sport: ,Tennis, Time: ,Thu Jun 04 12:00:00 CEST 2015, Time: ,Thu Jun 04 12:00:00 CEST 2015, Event: ,Dancevic v Cervantes, Favorite: Inigo Cervantes   size:62.72 Price: 1.27 Frank Dancevic   size:49.08 Price: 4.3 
Data\Backup\allmatches_4_11.csv,1.119049016, Sport: ,Baseball, Time: ,Fri Jun 05 04:10:00 CEST 2015, Time: ,Fri Jun 05 04:10:00 CEST 2015, Event: ,STL @ LAD, Favorite: LA Dodgers (C Frias)   size:4.99 Price: 1.87 St Louis (M Wacha)   size:1023.0 Price: 2.02 
Data\Backup\allmatches_4_11.csv,1.119063480, Sport: ,Tennis, Time: ,Thu Jun 04 18:00:00 CEST 2015, Time: ,Thu Jun 04 18:00:00 CEST 2015, Event: ,P Lorenzi v Riba, Favorite: Paolo Lorenzi   size:156.2 Price: 1.42 Pere Riba   size:12.45 Price: 3.25 
Data\Backup\allmatches_4_11.csv,1.119050759, Sport: ,Basketball, Time: ,Fri Jun 05 10:15:00 CEST 2015, Time: ,Fri Jun 05 10:15:00 CEST 2015, Event: ,Alaska Aces v Kia Sorento, Favorite: Kia Sorento   size:4.99 Price: 1.07 
Data\Backup\allmatches_4_11.csv,1.119040680, Sport: ,Basketball, Time: ,Fri Jun 05 02:30:00 CEST 2015, Time: ,Fri Jun 05 02:30:00 CEST 2015, Event: ,Gecr Indalo v Penarol, Favorite: Gecr Indalo   size:2.55 Price: 1.42 Penarol   size:13.53 Price: 3.35 
Data\Backup\allmatches_4_11.csv,1.119058838, Sport: ,Tennis, Time: ,Thu Jun 04 16:15:00 CEST 2015, Time: ,Thu Jun 04 16:15:00 CEST 2015, Event: ,M Granollers v Souza, Favorite: Marcel Granollers   size:264.67 Price: 1.39 Joao Souza   size:2.0 Price: 3.15 
Data\Backup\allmatches_4_11.csv,1.119051123, Sport: ,Basketball, Time: ,Thu Jun 04 21:00:00 CEST 2015, Time: ,Thu Jun 04 21:00:00 CEST 2015, Event: ,Partizan v Crvena Zvezda, Favorite: Crvena Zvezda   size:188.0 Price: 1.05 
Data\Backup\allmatches_4_11.csv,1.119058876, Sport: ,Tennis, Time: ,Thu Jun 04 12:00:00 CEST 2015, Time: ,Thu Jun 04 12:00:00 CEST 2015, Event: ,Nielsen v R Ram, Favorite: Rajeev Ram   size:57.16 Price: 1.49 Frederik Nielsen   size:2.55 Price: 2.76 
Data\Backup\allmatches_4_11.csv,1.119049051, Sport: ,Tennis, Time: ,Thu Jun 04 15:00:00 CEST 2015, Time: ,Thu Jun 04 15:00:00 CEST 2015, Event: ,A Ivanovic v L Safarova, Favorite: Lucie Safarova   size:414.39 Price: 1.71 Ana Ivanovic   size:2338.01 Price: 2.4 
Data\Backup\allmatches_4_11.csv,1.119051169, Sport: ,Basketball, Time: ,Thu Jun 04 20:00:00 CEST 2015, Time: ,Thu Jun 04 20:00:00 CEST 2015, Event: ,Konstantin v Tamis, Favorite: Konstantin   size:73.35 Price: 1.03 Tamis   size:122.0 Price: 1.05 
Data\Backup\allmatches_4_11.csv,1.119058559, Sport: ,Snooker, Time: ,Thu Jun 04 15:30:00 CEST 2015, Time: ,Thu Jun 04 15:30:00 CEST 2015, Event: ,Wakelin v Highfield, Favorite: Chris Wakelin   size:3.75 Price: 1.79 Liam Highfield   size:3.89 Price: 2.14 
Data\Backup\allmatches_4_11.csv,1.119066391, Sport: ,Tennis, Time: ,Fri Jun 05 05:45:00 CEST 2015, Time: ,Fri Jun 05 05:45:00 CEST 2015, Event: ,Co Smith v Statham, Favorite: Connor Smith   size:35.75 Price: 1.76 Jose (Rubin) Statham   size:4.27 Price: 2.06 
Data\Backup\allmatches_4_11.csv,1.119058956, Sport: ,Snooker, Time: ,Thu Jun 04 15:30:00 CEST 2015, Time: ,Thu Jun 04 15:30:00 CEST 2015, Event: ,L Walker v Vafaei Ayouri, Favorite: Hossein Vafaei Ayouri   size:30.4 Price: 1.88 lee walker   size:209.03 Price: 2.04 
Data\Backup\allmatches_4_11.csv,1.118988416, Sport: ,Handball, Time: ,Thu Jun 04 20:45:00 CEST 2015, Time: ,Thu Jun 04 20:45:00 CEST 2015, Event: ,Montpellier v Istres, Favorite: Montpellier   size:75.0 Price: 1.01 Draw   size:2.61 Price: 55.0 
Data\Backup\allmatches_4_11.csv,1.119057088, Sport: ,Basketball, Time: ,Thu Jun 04 19:30:00 CEST 2015, Time: ,Thu Jun 04 19:30:00 CEST 2015, Event: ,Aris v Olympiacos, Favorite: Olympiacos   size:2.55 Price: 1.06 Aris   size:3.93 Price: 10.0 
Data\Backup\allmatches_4_11.csv,1.119057085, Sport: ,Basketball, Time: ,Thu Jun 04 20:00:00 CEST 2015, Time: ,Thu Jun 04 20:00:00 CEST 2015, Event: ,Alba Berlin v Bayern Munchen, Favorite: Alba Berlin   size:6.06 Price: 1.32 Bayern Munchen   size:2.22 Price: 3.6 
Data\Backup\allmatches_4_11.csv,1.119066339, Sport: ,Snooker, Time: ,Thu Jun 04 20:00:00 CEST 2015, Time: ,Thu Jun 04 20:00:00 CEST 2015, Event: ,Georgiou v Mehta, Favorite: Aditya Mehta   size:5.65 Price: 1.56 Michael Georgiou   size:5.73 Price: 2.38 
Data\Backup\allmatches_4_11.csv,1.119063501, Sport: ,Tennis, Time: ,Thu Jun 04 17:00:00 CEST 2015, Time: ,Thu Jun 04 17:00:00 CEST 2015, Event: ,Hesse v Parmentier, Favorite: Pauline Parmentier   size:569.73 Price: 1.34 Amandine Hesse   size:2.0 Price: 3.55 
Data\Backup\allmatches_4_11.csv,1.119061921, Sport: ,Tennis, Time: ,Thu Jun 04 12:00:00 CEST 2015, Time: ,Thu Jun 04 12:00:00 CEST 2015, Event: ,Kontaveit v Boserup, Favorite: Anett Kontaveit   size:73.34 Price: 1.41 Julia Boserup   size:2.79 Price: 3.15 
Data\Backup\allmatches_4_11.csv,1.119063469, Sport: ,Tennis, Time: ,Thu Jun 04 17:15:00 CEST 2015, Time: ,Thu Jun 04 17:15:00 CEST 2015, Event: ,Jim Wang v Groth, Favorite: Sam Groth   size:29.36 Price: 1.43 Jimmy Wang   size:29.82 Price: 3.15 
Data\Backup\allmatches_4_11.csv,1.119061447, Sport: ,Tennis, Time: ,Thu Jun 04 16:30:00 CEST 2015, Time: ,Thu Jun 04 16:30:00 CEST 2015, Event: ,Ser Williams v Bacsinszky, Favorite: Serena Williams   size:126801.46 Price: 1.18 Timea Bacsinszky   size:1362.38 Price: 6.4 
Data\Backup\allmatches_4_11.csv,1.118987683, Sport: ,Basketball, Time: ,Fri Jun 05 03:00:00 CEST 2015, Time: ,Fri Jun 05 03:00:00 CEST 2015, Event: ,Cleveland @ Golden State, Favorite: Golden State   size:198.58 Price: 1.45 Cleveland   size:757.15 Price: 3.2 
Data\Backup\allmatches_4_11.csv,1.119025943, Sport: ,Basketball, Time: ,Thu Jun 04 20:45:00 CEST 2015, Time: ,Thu Jun 04 20:45:00 CEST 2015, Event: ,Dinamo Sassari v Armani Milano, Favorite: Armani Milano   size:2.54 Price: 1.55 Dinamo Sassari   size:3.95 Price: 2.72 
Data\Backup\allmatches_4_11.csv,1.119066341, Sport: ,Snooker, Time: ,Thu Jun 04 20:00:00 CEST 2015, Time: ,Thu Jun 04 20:00:00 CEST 2015, Event: ,Swail v Mann, Favorite: Mitchell Mann   size:3.04 Price: 1.02 
Data\Backup\allmatches_4_11.csv,1.119046474, Sport: ,Basketball, Time: ,Thu Jun 04 21:00:00 CEST 2015, Time: ,Thu Jun 04 21:00:00 CEST 2015, Event: ,Real Madrid v Valencia, Favorite: Real Madrid   size:1501.22 Price: 1.13 Valencia   size:3.17 Price: 7.0 
Data\Backup\allmatches_4_11.csv,1.119066387, Sport: ,Tennis, Time: ,Fri Jun 05 04:00:00 CEST 2015, Time: ,Fri Jun 05 04:00:00 CEST 2015, Event: ,Ehara v Ji Nam, Favorite: Ji Sung Nam   size:4.68 Price: 1.71 Hiroyasu Ehara   size:3.67 Price: 2.18 
Data\Backup\allmatches_4_11.csv,1.119049024, Sport: ,Baseball, Time: ,Fri Jun 05 04:10:00 CEST 2015, Time: ,Fri Jun 05 04:10:00 CEST 2015, Event: ,TB @ SEA, Favorite: Seattle (R Elias)   size:481.0 Price: 1.78 Tampa Bay (E Ramirez)   size:348.0 Price: 2.16 
Data\Backup\allmatches_4_11.csv,1.119050446, Sport: ,Tennis, Time: ,Thu Jun 04 12:30:00 CEST 2015, Time: ,Thu Jun 04 12:30:00 CEST 2015, Event: ,Dodig/Melo v Rojer/Tecau, Favorite: Dodig/Melo   size:6.98 Price: 1.81 Rojer/Tecau   size:21.47 Price: 2.18 
Data\Backup\allmatches_4_11.csv,1.119051534, Sport: ,Tennis, Time: ,Fri Jun 05 11:00:00 CEST 2015, Time: ,Fri Jun 05 11:00:00 CEST 2015, Event: ,Tsonga v S Wawrinka, Favorite: Stanislas Wawrinka   size:4170.57 Price: 1.47 Jo-Wilfried Tsonga   size:1324.28 Price: 3.05 
Data\Backup\allmatches_4_11.csv,1.119061512, Sport: ,Tennis, Time: ,Thu Jun 04 13:45:00 CEST 2015, Time: ,Thu Jun 04 13:45:00 CEST 2015, Event: ,Saville v Falla, Favorite: Alejandro Falla   size:7.32 Price: 1.54 Luke Saville   size:47.35 Price: 2.8 
Data\Backup\allmatches_4_11.csv,1.118988647, Sport: ,Handball, Time: ,Thu Jun 04 20:45:00 CEST 2015, Time: ,Thu Jun 04 20:45:00 CEST 2015, Event: ,Tremblay v Paris Saint German, Favorite: Paris Saint German   size:2.65 Price: 1.08 Draw   size:3.15 Price: 13.5 Tremblay   size:3.17 Price: 14.5 
Data\Backup\allmatches_4_11.csv,1.119061796, Sport: ,Tennis, Time: ,Thu Jun 04 12:00:00 CEST 2015, Time: ,Thu Jun 04 12:00:00 CEST 2015, Event: ,S Napolitano v Carballes Baena, Favorite: Roberto Carballes Baena   size:2.55 Price: 1.3 Stefano Napolitano   size:4.5 Price: 4.0 
Data\Backup\allmatches_4_11.csv,1.119053095, Sport: ,Snooker, Time: ,Thu Jun 04 15:30:00 CEST 2015, Time: ,Thu Jun 04 15:30:00 CEST 2015, Event: ,R Williams v Joyce, Favorite: Mark Joyce   size:5.73 Price: 1.9 Robbie Williams   size:2.86 Price: 2.06 
Data\Backup\allmatches_4_11.csv,1.119051194, Sport: ,Basketball, Time: ,Thu Jun 04 17:00:00 CEST 2015, Time: ,Thu Jun 04 17:00:00 CEST 2015, Event: ,FMP v Metalac, Favorite: Metalac   size:6.94 Price: 1.27 FMP   size:5.73 Price: 3.55 
Data\Backup\allmatches_4_11.csv,1.119058980, Sport: ,Snooker, Time: ,Thu Jun 04 15:30:00 CEST 2015, Time: ,Thu Jun 04 15:30:00 CEST 2015, Event: ,Hang v Taylor, Favorite: Li Hang   size:20.41 Price: 1.39 Allan Taylor   size:206.38 Price: 3.35 
Data\Backup\allmatches_4_11.csv,1.119048936, Sport: ,Baseball, Time: ,Thu Jun 04 19:08:00 CEST 2015, Time: ,Thu Jun 04 19:08:00 CEST 2015, Event: ,OAK @ DET, Favorite: Detroit (S Greene)   size:282.1 Price: 1.85 Oakland (J Hahn)   size:266.0 Price: 2.08 
Data\Backup\allmatches_4_11.csv,1.119062926, Sport: ,Snooker, Time: ,Thu Jun 04 20:00:00 CEST 2015, Time: ,Thu Jun 04 20:00:00 CEST 2015, Event: ,O Lines v Burnett, Favorite: Jamie Burnett   size:12.86 Price: 1.86 Oliver Lines   size:3.98 Price: 1.98 
Data\Backup\allmatches_4_11.csv,1.119061516, Sport: ,Tennis, Time: ,Fri Jun 05 11:00:00 CEST 2015, Time: ,Fri Jun 05 11:00:00 CEST 2015, Event: ,Mattek-Sands/Safarova v Hlavackova/Hradecka, Favorite: Mattek-Sands/Safarova   size:2.55 Price: 1.52 Hlavackova/Hradecka   size:93.19 Price: 2.42 
Data\Backup\allmatches_4_11.csv,1.119062924, Sport: ,Snooker, Time: ,Thu Jun 04 20:00:00 CEST 2015, Time: ,Thu Jun 04 20:00:00 CEST 2015, Event: ,Doherty v K Wilson, Favorite: Kyren Wilson   size:4.68 Price: 1.88 Ken Doherty   size:5.73 Price: 2.04 
Data\Backup\allmatches_4_11.csv,1.119048978, Sport: ,Baseball, Time: ,Fri Jun 05 01:05:00 CEST 2015, Time: ,Fri Jun 05 01:05:00 CEST 2015, Event: ,CIN @ PHI, Favorite: Cincinnati (A DeSclafani)   size:482.0 Price: 1.91 Philadelphia (A Harang)   size:298.33 Price: 1.98 
Data\Backup\allmatches_4_11.csv,1.119047329, Sport: ,Basketball, Time: ,Thu Jun 04 18:00:00 CEST 2015, Time: ,Thu Jun 04 18:00:00 CEST 2015, Event: ,Czech Republic (W) v Belarus (W), Favorite: Belarus (W)   size:73.35 Price: 1.03 
Data\Backup\allmatches_4_11.csv,1.119050579, Sport: ,Tennis, Time: ,Thu Jun 04 13:30:00 CEST 2015, Time: ,Thu Jun 04 13:30:00 CEST 2015, Event: ,Jarry v Clezar, Favorite: Guilherme Clezar   size:73.46 Price: 1.67 Nicolas Jarry   size:35.57 Price: 2.38 
Data\Backup\allmatches_4_11.csv,1.119064393, Sport: ,Tennis, Time: ,Thu Jun 04 15:30:00 CEST 2015, Time: ,Thu Jun 04 15:30:00 CEST 2015, Event: ,Jo Smith v Kravchuk, Favorite: John-Patrick Smith   size:9.51 Price: 1.68 Konstantin Kravchuk   size:2.55 Price: 2.24 
Data\Backup\allmatches_4_11.csv,1.119047330, Sport: ,Basketball, Time: ,Thu Jun 04 19:45:00 CEST 2015, Time: ,Thu Jun 04 19:45:00 CEST 2015, Event: ,France (W) v Poland (W), Favorite: Poland (W)   size:73.35 Price: 1.03 
Data\Backup\allmatches_4_11.csv,1.119058979, Sport: ,Snooker, Time: ,Thu Jun 04 15:30:00 CEST 2015, Time: ,Thu Jun 04 15:30:00 CEST 2015, Event: ,Xintong v Anda, Favorite: Zhao Xintong   size:11.95 Price: 1.65 Zhang Anda   size:2.55 Price: 2.34 
Data\Backup\allmatches_4_11.csv,1.119051148, Sport: ,Basketball, Time: ,Thu Jun 04 20:00:00 CEST 2015, Time: ,Thu Jun 04 20:00:00 CEST 2015, Event: ,Vojvodina v Mega Vizura, Favorite: Mega Vizura   size:67.92 Price: 1.05 
Data\Backup\allmatches_4_11.csv,1.119059548, Sport: ,Tennis, Time: ,Thu Jun 04 13:00:00 CEST 2015, Time: ,Thu Jun 04 13:00:00 CEST 2015, Event: ,Krunic v Duque-Marino, Favorite: Mariana Duque-Marino   size:2.55 Price: 1.65 Aleksandra Krunic   size:23.71 Price: 2.24 
Data\Backup\allmatches_4_11.csv,1.119040668, Sport: ,Basketball, Time: ,Fri Jun 05 02:00:00 CEST 2015, Time: ,Fri Jun 05 02:00:00 CEST 2015, Event: ,Obras v Quilmes, Favorite: Obras   size:6.45 Price: 1.24 Quilmes   size:127.62 Price: 4.8 
Data\Backup\allmatches_4_11.csv,1.118988358, Sport: ,Handball, Time: ,Thu Jun 04 20:45:00 CEST 2015, Time: ,Thu Jun 04 20:45:00 CEST 2015, Event: ,Cesson Rennes v Nimes, Favorite: Cesson Rennes   size:11.21 Price: 1.46 Nimes   size:2.25 Price: 3.55 Draw   size:7.3 Price: 8.8 
Data\Backup\allmatches_4_11.csv,1.119059040, Sport: ,Tennis, Time: ,Thu Jun 04 12:45:00 CEST 2015, Time: ,Thu Jun 04 12:45:00 CEST 2015, Event: ,Ignatik v Ghem, Favorite: Andre Ghem   size:12.05 Price: 1.62 Uladzimir Ignatik   size:80.31 Price: 2.46 
Data\Backup\allmatches_4_11.csv,1.119063521, Sport: ,Tennis, Time: ,Thu Jun 04 15:30:00 CEST 2015, Time: ,Thu Jun 04 15:30:00 CEST 2015, Event: ,M Baghdatis v B Klein, Favorite: Marcos Baghdatis   size:4.73 Price: 1.22 Brydan Klein   size:19.52 Price: 5.3 
Data\Backup\allmatches_4_11.csv,1.119061869, Sport: ,Tennis, Time: ,Thu Jun 04 15:45:00 CEST 2015, Time: ,Thu Jun 04 15:45:00 CEST 2015, Event: ,G Elias v Calvin Hemery, Favorite: Gastao Elias   size:5.93 Price: 1.54 Calvin Hemery    size:3.31 Price: 2.66 
Data\Backup\allmatches_4_11.csv,1.119045995, Sport: ,Tennis, Time: ,Thu Jun 04 13:45:00 CEST 2015, Time: ,Thu Jun 04 13:45:00 CEST 2015, Event: ,Ramos-Vinolas v Lapentti, Favorite: Albert Ramos-Vinolas   size:7.19 Price: 1.24 Giovanni Lapentti   size:3.2 Price: 4.9 
Data\Backup\allmatches_4_11.csv,1.119026422, Sport: ,Basketball, Time: ,Thu Jun 04 17:30:00 CEST 2015, Time: ,Thu Jun 04 17:30:00 CEST 2015, Event: ,Zielona Gora v Turow Zgorzelec, Favorite: Zielona Gora   size:5.31 Price: 1.66 Turow Zgorzelec   size:5.73 Price: 2.4 
Data\Backup\allmatches_4_11.csv,1.119048944, Sport: ,Baseball, Time: ,Thu Jun 04 20:10:00 CEST 2015, Time: ,Thu Jun 04 20:10:00 CEST 2015, Event: ,BAL @ HOU, Favorite: Houston (D Keuchel)   size:112.46 Price: 1.68 Baltimore (W Chen)   size:4.99 Price: 2.44 
Data\Backup\allmatches_4_11.csv,1.119061865, Sport: ,Tennis, Time: ,Thu Jun 04 13:45:00 CEST 2015, Time: ,Thu Jun 04 13:45:00 CEST 2015, Event: ,M Reid v Ebden, Favorite: Matthew Ebden   size:75.49 Price: 1.28 Matt Reid   size:5.69 Price: 4.1 
Data\Backup\allmatches_4_11.csv,1.119049007, Sport: ,Baseball, Time: ,Fri Jun 05 03:40:00 CEST 2015, Time: ,Fri Jun 05 03:40:00 CEST 2015, Event: ,NYM @ ARI, Favorite: NY Mets (M Harvey)   size:56.96 Price: 1.75 Arizona (J Hellickson)   size:283.0 Price: 2.3 
Data\Backup\allmatches_4_11.csv,1.119048995, Sport: ,Baseball, Time: ,Fri Jun 05 02:10:00 CEST 2015, Time: ,Fri Jun 05 02:10:00 CEST 2015, Event: ,CLE @ KC, Favorite: Kansas City (C Young)   size:2.1 Price: 1.84 Cleveland (T Bauer)   size:108.77 Price: 2.16 
Data\Backup\allmatches_4_11.csv,1.119025808, Sport: ,Basketball, Time: ,Thu Jun 04 20:50:00 CEST 2015, Time: ,Thu Jun 04 20:50:00 CEST 2015, Event: ,Le Mans v Strasbourg, Favorite: Strasbourg   size:38.54 Price: 1.73 Le Mans   size:7.55 Price: 2.2 
Data\Backup\allmatches_4_11.csv,1.119050342, Sport: ,Tennis, Time: ,Thu Jun 04 12:00:00 CEST 2015, Time: ,Thu Jun 04 12:00:00 CEST 2015, Event: ,Bryan/Bryan v Bolelli/Fognini, Favorite: Bryan/Bryan   size:39.39 Price: 1.48 Bolelli/Fognini   size:38.48 Price: 3.05 
Data\Backup\allmatches_4_11.csv,1.119051157, Sport: ,Tennis, Time: ,Thu Jun 04 13:15:00 CEST 2015, Time: ,Thu Jun 04 13:15:00 CEST 2015, Event: ,Kovalik v Quinzi, Favorite: Jozef Kovalik   size:38.18 Price: 1.51 Gianluigi Quinzi   size:14.3 Price: 2.9 
Data\Backup\allmatches_4_11.csv,1.119051359, Sport: ,Tennis, Time: ,Thu Jun 04 12:00:00 CEST 2015, Time: ,Thu Jun 04 12:00:00 CEST 2015, Event: ,Giustino v R Olivo, Favorite: Renzo Olivo   size:8.74 Price: 1.7 Lorenzo Giustino   size:14.39 Price: 2.34 
Data\Backup\allmatches_2015_09_29T20_58_34.csv,1.120831048, Sport: ,Baseball, Time: ,Wed 
Data\Backup\allmatches_2015_09_30T08_00_28.csv,1.120971750, Sport: ,Soccer, Time: ,Wed Sep 30 16:00:00 CEST 2015, Time: ,Wed Sep 30 16:00:00 CEST 2015, Event: ,Nomme JK Kalju 
Data\Backup\allmatches_2015_10_01T19_42_57.csv,1.120998641, Sport: ,Soccer,
Data\Backup\allmatches_2015_10_03T18_57_51.csv,1.121061780, Sport: ,Tennis, Time: ,Sun Oct 04 08:15:00 CEST 
Data\Backup\allmatches_2015_10_04T06_21_41.csv,1.121060356, Sp
Data\Backup\allmatches_2015_10_04T20_43_30.csv,1.121068006, Sport: ,Tennis, Tim
Data\Backup\allmatches_2015_10_06T08_51_33.csv,1.121077378, Sport: ,Baseball, Time: ,Wed Oct 07 02:00:00 CEST 2015, Time
Data\Backup\allmatches_2015_10_07T19_20_30.csv,1.120992403, Sport: ,Soccer, Time: ,Thu Oct 08 04:00:00 CEST 2015, Time: ,Thu Oct 08 04:00:00 CEST 2015, Event: ,Vancouver Whitecaps v Dallas, Fav
Data\Backup\allmatches_2015_10_09T07_25_01.csv,1.121130283, Sport: ,Tennis, Time: ,Fri Oct 09 12:30:00 CEST 2015, Time: ,Fri Oct 09 12:30:00 CES
Data\Backup\allmatches_2015_10_09T20_50_33.csv,1.121146268, Sport: ,Soccer, Time: ,Sat Oct 10
Data\Backup\allmatches_2015_10_10T10_13_11.csv,1.121173745, Sport: ,Tenni
Data\Backup\allmatches_2015_10_13T07_29_22.csv,1.121188682, Sport: ,Tennis, Time: 
Data\Backup\allmatches_2015_10_15T07_18_24.csv,1.121237441, Sport: ,T
Data\Backup\allmatches_2015_10_18T08_29_29.csv,1.121082612, Sport: ,S
Data\Backup\allmatches_2015_10_18T08_29_29.csv,1.121082612, Sport: ,S
Data\Backup\allmatches_2015_10_22T06_24_04.csv,1.121393249, Sport: ,Tennis, Time: ,Thu Oct 22 12:00:00 CEST 2015, Time: ,Thu Oct 22 12:00:00 CEST 2015, Event: ,Eraydin v Garcia Perez, Favorite: ,Georgina Garcia Pe
Data\Backup\allmatches_2015_10_24T07_58_14.csv,1.121468449, Sport: ,Tennis, Time: ,Sat Oct 24 15:45:00 CEST 2015, Time: ,Sat Oct 24 15:45:00 CEST 2015, Event: ,Vilella Martinez v Martinez Portero, Favorite: ,Mario 
Data\Backup\allmatches_2015_10_28T20_36_31.csv,1.121492213, Sport: ,Soccer, Time: ,Thu Oct 29 0
Data\Backup\allmatches_2015_10_29T20_36_12.csv,1.121528767, Sport: ,Tennis, Time: ,Fri Oct 30 05:15:00 
Data\Backup\allmatches_2015_10_31T10_32_32.csv,1.121406113, Sport: ,Soccer, Time: ,Sat Oct 31 13:00:00 CET 2015, Time: ,Sat Oct 31 13:00:00 CET 2015, Event: ,FC Heidenheim v Union Berlin, Favorite: ,FC Heidenheim,
Data\Backup\allmatches_2015_11_01T06_45_59.csv,1.120658553, Sport: ,Cricket, Time: ,Sun Nov 01 07:00:00 CET 2015, Ti
Data\Backup\allmatches_2015_11_30T19_00_27.csv,1.122085204, Sport: ,Tennis, Time: ,Mon Nov 30 18:15:00 CET 2015, Time: ,Mon Nov 30 18:15:00 CET 2015, Event: ,Brito, Fernanda v Yapur Lopez, Maria Igna, Favorite: ,Brito, Fernanda, 9553163   size:307.62,Price: ,1.03,Yapur Lopez, Maria Igna, 10559010   size:35.6,Price: ,2.04
Data\Backup\allmatches_2015_12_01T19_58_18.csv,1.122099914, Sport: ,Basketba
Data\Backup\allmatches_2015_12_03T11_52_00.csv,1.122118242, Sport: ,Tennis, Time: ,Thu Dec 03 13:00:00 CET 2015, Time: ,Thu Dec 03 13:00:00 CET 2015, Event: ,De Loore, Joris v Kocevar-Desman, Tom, Favorite: ,De Loore, Joris, 9724678   size:2.55,Price: ,1.51,Kocevar-Desman, Tom, 9560509   size:2.55,Price: ,2.52
Data\Backup\allmatches_2015_12_07T23_04_09.csv,1.122183426, Sport: ,Basketball, Time: ,Tue Dec 08 17:00:00 CET 2015, Time: ,Tue Dec 08 17:00:00 CET 2015, Event: ,Klosterneuburg v Traiskirchen, Favorite: ,Kloster
Data\Backup\allmatches_2015_12_08T07_51_03.csv,1.122098198, Sport: ,Soccer, Time: ,Tue Dec 08 17:00:00 CET 2015, Time: ,Tue Dec 08 17:00:00 CET 2015, Event: ,CD Trope
Data\Backup\allmatches_2015_12_14T19_30_44.csv,1.122283010, Sport: ,Soccer, Time: ,Tue Dec 15 16:30:00 CET 2015, Time: ,Tue Dec 15 16:30:00 CET 2015, Event: ,Emirates Club v Al Wasl, 
Data\Backup\allmatches_2015_12_26T22_12_50.csv,1.122366618, Sport: ,Basketball, Time: ,Sun Dec 27 13:00:00 CET 2015, Time: ,Sun Dec 27 13:00:00 
Data\Backup\allmatches_2016_01_01T16_11_35.csv,1.122433145, Sport: ,Tennis, 
Data\Backup\allmatches_2016_01_02T04_46_58.csv,1.122417675, Sport
Data\Backup\allmatches_2016_01_04T07_25_06.csv,1.122389902, Sport: ,Soccer, Time: ,Mon Jan 04 17:00:00 CET 2016, Time: ,Mon Jan 04 17:00:00 CET 2016, Event: ,Hapoel Bnei Lod v Hapoel Rishon Lezion, Favorite: ,Hapoel Bnei Lo
Data\Backup\allmatches_2016_01_05T19_30_43.csv,1.122466680, Sport: ,Basketball, Time: ,Wed Jan 06 18:00:00 CET 2016, Time: ,Wed Jan 06 18:00:00 CET 2016, Event: ,Rakvere Tarva
Data\Backup\allmatches_2016_01_06T06_06_18.csv,1.122466612, Sport: ,Basketball, Time: ,Wed Jan 06 17:30:00 CET 2016, Time: ,Wed Jan 06 17:30:00 CET 
Data\Backup\allmatches_2016_01_06T23_23_01.csv,1.122481301, Sport: ,Basketball, Time: ,Thu Jan 07 17:00:00 CET 2016, Time: ,Thu
Data\Backup\allmatches_2016_01_07T09_04_39.csv,1.122489902, Sport: ,Tennis, Time: ,Thu Jan 07 17:00:00 CET 2016, Time: ,Thu Jan 07 17:00:00 CET 2016, Ev
Data\Backup\allmatches_2016_01_17T05_47_05.csv,1.122623496, Sport: ,Ice Hockey, Time: ,Sun Jan 17 15:00:00 CET 2016, Time: ,Sun Jan 17 15:00:00 CET 2016, Event: ,SKA St. Petersburg v 
Data\Backup\allmatches_2016_01_23T10_11_49.csv,1.122680124, Sport: ,Basketball, Time: ,Sat Jan 23 17:00:00 CET 2016, Time: ,Sat Jan 23 17:00:00 CET 2016, Event: ,Levski Sofia v BC Beroe, Favorite: ,Levski Sofi
Data\Backup\allmatches_2016_01_23T10_40_58.csv,1.122680124, Sport: ,Basketball, Time: ,Sat Jan 23 17:00:00 CET 2016, Time: ,Sat Jan 23 17:00:00 CET 2016, Event: ,Levski Sofia v BC Beroe, Favorite: ,Levski Sofia
Data\Backup\allmatches_2016_01_24T06_04_39.csv,1.122725555, Sport: ,Soccer, Time: ,Sun Jan 24 17:00:00 CET 2016, Time: ,Sun Jan 24 17:00:00 CET 2016, Event: ,SD Oyonesa v CD A
Data\Backup\allmatches_2016_01_24T22_16_53.csv,1.122617904, Sport: 
Data\Backup\allmatches_2016_01_26T06_43_03.csv,1.122731034, Sport: ,Basketball, Time
Data\Backup\allmatches_2016_01_26T22_09_41.csv,1.122731446, Sport: ,Basketball, Time: ,Wed Jan 
Data\Backup\allmatches_2016_01_28T05_33_47.csv,1.122672808, Sport: ,Soccer
Data\Backup\allmatches_2016_01_28T16_55_34.csv,1.122765262, Sport: 
Data\Backup\allmatches_2016_01_29T06_13_50.csv,1.122697641, Sport: ,Soccer, Time: ,Fri Jan 29 18:00:00 CET 2016, Time: ,Fri Jan 29 18:00:00 CET 2016, Event: ,Austria Vienna v FC Basel, Favorite:
Data\Backup\allmatches_2016_02_01T06_46_32.csv,1.122710606, Sport: ,Soccer, Time: ,Mon Feb 01 20:00:00 CET 2016, Time: ,Mon Feb 01 20:00:00 CET 2016, Event: ,Cremonese v Alessandria, Favorite: ,Cremonese
