allmatches_2015_07_06T13_36_14.csv,,ok
allmatches_4_16.csv,ok
allmatches_4_17.csv,ok
allmatches_4_22.csv,ok
allmatches_5_8.csv,ok
allmatches_5_9.csv,,ok
allmatches_5_10.csv,ok
allmatches_5_10.csv,ok
allmatches_5_10.csv,ok
allmatches_5_17.csv,ok
allmatches_5_17.csv,ok
allmatches_5_17.csv,ok
allmatches_6_7.csv,ok
allmatches_6_12.csv,,ok
allmatches_6_17.csv,ok
allmatches_6_22.csv,ok
allmatches_6_22.csv,ok
allmatches_7_8.csv,ok
allmatches_7_14.csv,ok
allmatches_7_17.csv,ok
allmatches_7_17.csv,ok
allmatches_7_18.csv,ok
allmatches_7_19.csv,ok
allmatches_8_7.csv,ok
allmatches_8_7.csv,ok
allmatches_8_11.csv,ok
allmatches_8_11.csv,ok
allmatches_9_8.csv,ok
allmatches_10_6.csv,ok
allmatches_10_6.csv,ok
allmatches_10_6.csv,ok
allmatches_10_16.csv,ok
allmatches_10_19.csv,ok
allmatches_11_7.csv,ok
allmatches_11_7.csv,ok
allmatches_11_7.csv,ok
allmatches_11_7.csv,ok
allmatches_11_21.csv,ok
allmatches_11_21.csv,ok
allmatches_11_21.csv,ok
allmatches_12_9.csv,ok
allmatches_12_17.csv,ok
allmatches_13_9.csv,ok
allmatches_13_9.csv,ok
allmatches_13_20.csv,ok
allmatches_14_8.csv,ok
allmatches_14_13.csv,ok
allmatches_14_20.csv,ok
allmatches_14_20.csv,ok
allmatches_15_8.csv,ok
allmatches_15_10.csv,ok
allmatches_15_17.csv,ok
allmatches_15_20.csv,ok
allmatches_16_6.csv,ok
allmatches_16_6.csv,ok
allmatches_16_19.csv,ok
allmatches_16_20.csv,ok
allmatches_17_9.csv,ok
allmatches_17_21.csv,ok
allmatches_18_12.csv,ok
allmatches_18_19.csv,ok
allmatches_19_6.csv,ok
allmatches_19_18.csv,ok
allmatches_20_8.csv,ok
allmatches_20_20.csv,ok
allmatches_21_8.csv,ok
allmatches_21_20.csv,ok
allmatches_22_6.csv,ok
allmatches_22_17.csv,ok
allmatches_23_8.csv,ok
allmatches_23_18.csv,ok
allmatches_24_7.csv,ok
allmatches_25_2.csv,ok
allmatches_25_10.csv,ok
allmatches_25_19.csv,ok
allmatches_26_1.csv,ok
allmatches_26_10.csv,ok
allmatches_26_20.csv,ok
allmatches_27_3.csv,ok
allmatches_27_10.csv,ok
allmatches_27_18.csv,ok
allmatches_27_19.csv,ok
allmatches_27_19.csv,ok
allmatches_27_19.csv,ok
allmatches_28_7.csv,ok
allmatches_28_18.csv,ok
allmatches_28_21.csv,ok
allmatches_29_7.csv,ok
allmatches_29_19.csv,ok
allmatches_29_23.csv,ok
allmatches_30_5.csv,ok
allmatches_30_19.csv,ok
allmatches_1_11.csv,ok
allmatches_1_18.csv,ok
allmatches_2_11.csv,ok
allmatches_2_21.csv,,ok
allmatches_3_8.csv,ok
allmatches_3_19.csv,ok
allmatches_3_20.csv,,ok
allmatches_3_20.csv,,ok
allmatches_3_20.csv,,ok
allmatches_4_6.csv,ok
allmatches_4_20.csv,ok
allmatches_5_9.csv,,ok
allmatches_5_9.csv,,ok
allmatches_6_12.csv,,ok
allmatches_2015_07_06T15_22_19.csv,,ok
allmatches_2015_07_06T16_21_02.csv,,ok
allmatches_2015_07_06T16_33_02.csv,,ok
allmatches_2015_07_06T17_31_30.csv,,ok
allmatches_2015_07_07T06_37_03.csv,ok
allmatches_2015_07_07T17_46_06.csv,ok
allmatches_2015_07_08T07_21_33.csv,ok
allmatches_2015_07_08T08_52_42.csv,ok
allmatches_2015_07_08T09_15_57.csv,ok
allmatches_2015_07_08T20_21_13.csv,ok
allmatches_2015_07_09T07_58_35.csv
allmatches_2015_07_10T09_27_43.csv
allmatches_2015_07_11T01_30_30.csv
allmatches_2015_07_11T07_24_28.csv
allmatches_2015_07_12T09_01_03.csv
allmatches_2015_07_12T09_45_51.csv
allmatches_2015_07_13T09_57_18.csv
allmatches_2015_07_14T17_19_46.csv
